red,green,blue,off,position,color
443,390,156,1,0,blue
443,511,248,1,1,blue
447,501,166,0,2,blue
602,646,470,0,3,blue
664,383,449,7,4,red
695,395,441,1,5,red
705,211,260,3,6,red
744,363,419,5,7,red
597,735,372,3,8,green
599,578,252,7,9,green
610,622,327,6,10,green
490,535,240,5,11,green
623,584,315,11,12,yellow
629,601,280,11,13,yellow
503,560,192,12,14,yellow
680,609,284,17,15,yellow
443,390,157,1,0,blue
443,511,248,1,1,blue
447,501,167,0,2,blue
602,646,470,0,3,blue
665,384,450,6,4,red
695,395,441,1,5,red
703,212,260,3,6,red
744,363,419,5,7,red
597,737,373,2,8,green
597,577,250,9,9,green
611,624,329,4,10,green
490,534,239,5,11,green
622,583,314,12,12,yellow
628,601,281,11,13,yellow
502,559,192,13,14,yellow
686,616,292,10,15,yellow
444,391,157,0,0,blue
441,510,247,2,1,blue
447,501,167,0,2,blue
602,646,470,0,3,blue
667,385,451,5,4,red
695,394,441,1,5,red
704,212,262,3,6,red
745,363,419,5,7,red
597,737,373,2,8,green
598,577,251,8,9,green
611,624,329,4,10,green
490,535,240,5,11,green
624,585,315,10,12,yellow
627,600,280,12,13,yellow
502,559,192,13,14,yellow
680,609,283,17,15,yellow
443,390,158,1,0,blue
443,512,248,0,1,blue
447,501,166,0,2,blue
601,646,469,1,3,blue
667,385,451,5,4,red
695,394,441,1,5,red
706,211,261,3,6,red
744,362,418,6,7,red
595,735,371,4,8,green
600,579,253,6,9,green
611,624,329,4,10,green
488,533,238,7,11,green
625,585,315,10,12,yellow
627,601,279,12,13,yellow
501,558,192,14,14,yellow
684,613,287,13,15,yellow
443,390,158,1,0,blue
443,512,249,0,1,blue
447,501,166,0,2,blue
602,646,470,0,3,blue
666,385,451,5,4,red
695,395,441,1,5,red
706,213,262,2,6,red
743,362,418,6,7,red
595,735,371,4,8,green
600,579,253,6,9,green
610,623,328,5,10,green
488,533,240,6,11,green
624,585,315,10,12,yellow
624,598,276,15,13,yellow
502,559,192,13,14,yellow
682,612,288,14,15,yellow
442,385,154,2,0,blue
445,522,256,0,1,blue
451,501,166,0,2,blue
603,643,462,0,3,blue
669,380,453,4,4,red
692,392,442,3,5,red
708,215,259,2,6,red
740,366,414,6,7,red
591,733,367,6,8,green
596,577,249,7,9,green
613,621,328,6,10,green
490,535,239,5,11,green
624,583,315,11,12,yellow
625,599,277,13,13,yellow
507,561,192,11,14,yellow
679,609,284,16,15,yellow
443,387,155,0,0,blue
444,522,255,1,1,blue
451,501,166,0,2,blue
603,642,462,0,3,blue
668,379,453,5,4,red
691,392,441,4,5,red
707,214,259,3,6,red
739,365,414,7,7,red
593,735,369,4,8,green
596,578,250,7,9,green
612,620,328,7,10,green
489,535,238,5,11,green
624,584,316,11,12,yellow
625,599,277,13,13,yellow
505,559,191,13,14,yellow
680,611,286,14,15,yellow
443,388,155,0,0,blue
445,523,256,0,1,blue
449,500,166,1,2,blue
603,642,462,0,3,blue
668,380,454,4,4,red
695,393,443,2,5,red
708,215,260,2,6,red
738,365,414,7,7,red
595,737,371,2,8,green
597,579,250,6,9,green
611,619,327,8,10,green
488,534,237,6,11,green
623,584,315,12,12,yellow
628,602,280,11,13,yellow
505,559,192,13,14,yellow
683,613,290,12,15,yellow
443,388,156,0,0,blue
445,523,256,0,1,blue
451,501,165,0,2,blue
603,643,462,0,3,blue
665,377,451,7,4,red
695,394,444,1,5,red
707,213,258,3,6,red
738,365,414,7,7,red
594,734,370,3,8,green
596,578,250,7,9,green
612,620,328,7,10,green
489,535,238,5,11,green
623,584,315,11,12,yellow
626,599,277,13,13,yellow
506,560,192,12,14,yellow
674,605,281,20,15,yellow
444,387,155,0,0,blue
444,522,256,1,1,blue
451,501,165,0,2,blue
603,643,461,0,3,blue
665,378,452,6,4,red
696,396,445,0,5,red
708,214,259,2,6,red
738,363,413,8,7,red
594,735,370,3,8,green
596,578,250,7,9,green
614,621,328,6,10,green
490,536,240,4,11,green
623,584,317,11,12,yellow
628,601,278,11,13,yellow
506,560,192,12,14,yellow
680,610,285,15,15,yellow
447,393,159,0,0,blue
446,514,251,0,1,blue
449,502,169,1,2,blue
603,645,473,0,3,blue
668,387,454,5,4,red
696,395,443,2,5,red
709,214,264,2,6,red
744,364,421,6,7,red
599,740,377,1,8,green
597,582,253,6,9,green
611,621,328,8,10,green
500,536,243,4,11,green
625,587,318,10,12,yellow
629,603,282,12,13,yellow
507,561,191,13,14,yellow
685,614,290,14,15,yellow
444,391,158,0,0,blue
443,512,249,0,1,blue
447,501,167,0,2,blue
600,644,470,0,3,blue
667,384,451,5,4,red
694,394,441,1,5,red
706,213,262,2,6,red
741,361,417,7,7,red
594,734,371,4,8,green
594,579,250,7,9,green
610,620,326,7,10,green
497,534,241,4,11,green
622,585,317,10,12,yellow
625,599,276,14,13,yellow
504,559,189,13,14,yellow
679,608,283,18,15,yellow
443,390,156,1,0,blue
440,509,246,3,1,blue
446,501,166,0,2,blue
600,644,470,0,3,blue
667,385,451,5,4,red
693,394,440,2,5,red
706,213,261,2,6,red
744,363,418,5,7,red
594,736,371,3,8,green
594,578,250,7,9,green
611,621,327,6,10,green
496,533,240,5,11,green
620,582,315,12,12,yellow
627,600,278,12,13,yellow
505,560,189,12,14,yellow
683,612,287,14,15,yellow
443,390,157,1,0,blue
442,511,248,1,1,blue
447,501,166,0,2,blue
600,644,470,0,3,blue
665,384,450,6,4,red
694,394,441,1,5,red
704,212,261,3,6,red
743,362,417,6,7,red
595,739,373,2,8,green
594,579,251,7,9,green
612,621,328,5,10,green
497,533,240,5,11,green
622,584,315,11,12,yellow
627,600,278,12,13,yellow
504,559,189,13,14,yellow
681,610,285,16,15,yellow
444,391,158,0,0,blue
443,512,248,0,1,blue
446,501,167,0,2,blue
600,643,470,0,3,blue
667,384,451,5,4,red
693,393,440,2,5,red
703,211,260,4,6,red
741,361,416,7,7,red
594,737,372,3,8,green
594,578,250,7,9,green
610,620,327,6,10,green
494,531,238,7,11,green
623,584,316,10,12,yellow
625,599,277,13,13,yellow
504,559,189,13,14,yellow
681,610,285,16,15,yellow
447,395,164,0,0,blue
443,515,250,0,1,blue
446,491,161,0,2,blue
604,652,473,0,3,blue
667,379,453,5,4,red
696,396,445,0,5,red
708,215,260,1,6,red
738,363,412,8,7,red
599,734,375,3,8,green
595,580,251,6,9,green
608,620,327,6,10,green
492,534,238,5,11,green
623,584,316,11,12,yellow
624,598,277,13,13,yellow
505,561,191,12,14,yellow
682,613,288,13,15,yellow
446,395,163,0,0,blue
441,513,248,2,1,blue
446,492,162,0,2,blue
604,652,474,0,3,blue
668,378,452,6,4,red
695,395,445,1,5,red
706,214,260,2,6,red
740,366,416,5,7,red
599,735,375,3,8,green
592,577,250,9,9,green
610,622,329,4,10,green
492,534,238,5,11,green
623,583,316,12,12,yellow
625,599,279,12,13,yellow
504,559,191,13,14,yellow
682,611,287,15,15,yellow
446,394,165,0,0,blue
442,513,247,2,1,blue
446,491,161,0,2,blue
603,651,472,1,3,blue
669,380,454,4,4,red
694,394,444,2,5,red
707,214,260,2,6,red
739,366,415,6,7,red
599,736,375,3,8,green
593,578,249,8,9,green
609,620,327,6,10,green
492,534,240,5,11,green
625,585,317,10,12,yellow
625,601,278,12,13,yellow
502,558,190,15,14,yellow
680,609,284,16,15,yellow
444,392,162,3,0,blue
443,515,249,0,1,blue
445,492,161,0,2,blue
604,652,473,0,3,blue
668,379,453,5,4,red
695,395,444,1,5,red
708,214,259,2,6,red
739,365,414,6,7,red
599,736,375,3,8,green
593,578,249,8,9,green
609,622,328,5,10,green
491,533,239,6,11,green
624,584,316,11,12,yellow
623,598,277,13,13,yellow
504,559,191,13,14,yellow
683,613,287,13,15,yellow
446,394,164,1,0,blue
442,514,248,1,1,blue
445,492,162,0,2,blue
604,652,473,0,3,blue
670,381,455,3,4,red
691,393,442,3,5,red
708,215,259,2,6,red
739,366,414,6,7,red
597,734,373,5,8,green
595,580,251,6,9,green
609,622,328,5,10,green
491,534,238,5,11,green
625,584,317,10,12,yellow
623,598,278,13,13,yellow
505,561,190,12,14,yellow
684,614,289,12,15,yellow
659,546,125,1,0,yellow
690,669,191,2,1,yellow
727,663,127,0,2,yellow
824,773,352,0,3,yellow
564,399,485,4,4,blue
600,399,474,0,5,blue
535,214,298,4,6,blue
612,367,438,3,7,blue
682,708,373,3,8,red
678,544,250,10,9,red
687,597,328,5,10,red
586,497,240,5,11,red
549,555,312,9,12,green
540,571,274,11,13,green
404,522,183,11,14,green
620,595,283,9,15,green
657,543,124,1,0,yellow
689,669,190,1,1,yellow
726,662,126,0,2,yellow
823,772,349,0,3,yellow
560,396,481,5,4,blue
598,397,471,0,5,blue
536,216,297,1,6,blue
607,360,431,8,7,blue
679,705,370,3,8,red
679,546,250,7,9,red
684,594,324,6,10,red
583,493,237,6,11,red
546,552,309,9,12,green
538,569,272,11,13,green
400,519,181,11,14,green
615,590,281,11,15,green
656,543,123,1,0,yellow
689,669,190,1,1,yellow
725,662,127,0,2,yellow
823,770,349,0,3,yellow
561,397,482,4,4,blue
596,394,469,2,5,blue
535,215,297,2,6,blue
606,361,432,7,7,blue
679,706,370,3,8,red
679,545,249,7,9,red
682,592,324,8,10,red
584,494,238,5,11,red
545,551,308,10,12,green
537,568,272,12,13,green
401,519,181,11,14,green
613,589,277,13,15,green
656,544,124,1,0,yellow
689,669,190,1,1,yellow
725,661,126,0,2,yellow
822,771,348,0,3,yellow
560,395,481,5,4,blue
597,396,470,1,5,blue
535,215,296,2,6,blue
607,361,432,7,7,blue
679,705,370,3,8,red
679,545,250,7,9,red
685,594,324,6,10,red
584,494,237,5,11,red
544,550,308,11,12,green
538,569,272,11,13,green
400,519,181,11,14,green
616,590,280,11,15,green
657,545,124,0,0,yellow
686,667,188,3,1,yellow
725,662,125,0,2,yellow
822,773,348,0,3,yellow
559,394,480,6,4,blue
597,396,469,1,5,blue
535,214,296,2,6,blue
609,362,432,6,7,blue
679,704,369,4,8,red
678,545,250,7,9,red
687,596,326,4,10,red
585,495,238,4,11,red
543,551,307,11,12,green
538,570,273,10,13,green
401,521,182,10,14,green
615,590,280,12,15,green
658,545,125,1,0,yellow
691,672,193,1,1,yellow
729,664,126,1,2,yellow
822,770,352,0,3,yellow
564,402,488,4,4,blue
597,397,473,2,5,blue
541,216,300,2,6,blue
610,364,433,6,7,blue
679,707,371,4,8,red
682,546,254,6,9,red
682,592,328,7,10,red
592,503,235,5,11,red
547,556,312,9,12,green
535,569,270,14,13,green
410,521,186,10,14,green
616,591,280,13,15,green
653,542,123,3,0,yellow
689,670,190,1,1,yellow
728,663,123,0,2,yellow
820,771,349,0,3,yellow
561,400,485,4,4,blue
594,394,468,3,5,blue
537,212,296,3,6,blue
608,362,429,6,7,blue
674,704,367,5,8,red
681,544,251,6,9,red
684,593,329,4,10,red
587,499,232,7,11,red
545,553,309,9,12,green
534,569,268,12,13,green
407,519,185,10,14,green
616,590,279,11,15,green
656,543,123,1,0,yellow
685,667,188,4,1,yellow
728,662,124,0,2,yellow
820,771,350,0,3,yellow
562,400,487,3,4,blue
595,395,470,2,5,blue
538,214,297,2,6,blue
607,362,430,6,7,blue
677,706,370,3,8,red
677,541,250,9,9,red
681,591,327,6,10,red
589,501,233,5,11,red
545,553,309,9,12,green
534,569,269,12,13,green
403,515,181,14,14,green
616,590,280,11,15,green
656,543,123,1,0,yellow
685,667,190,3,1,yellow
728,662,125,0,2,yellow
820,771,349,0,3,yellow
559,397,483,6,4,blue
596,396,470,1,5,blue
538,214,297,2,6,blue
608,362,429,6,7,blue
677,705,368,4,8,red
678,543,252,7,9,red
683,592,329,4,10,red
590,502,234,4,11,red
542,550,307,12,12,green
535,569,270,11,13,green
406,518,183,11,14,green
614,589,278,12,15,green
655,543,124,1,0,yellow
689,670,190,1,1,yellow
729,662,124,0,2,yellow
819,771,350,0,3,yellow
562,400,486,3,4,blue
596,396,470,1,5,blue
535,210,294,5,6,blue
609,363,430,5,7,blue
676,705,368,4,8,red
680,542,251,7,9,red
682,590,327,6,10,red
588,500,233,6,11,red
546,554,310,8,12,green
536,571,271,10,13,green
405,516,182,13,14,green
616,591,279,11,15,green
655,541,124,1,0,yellow
689,667,190,2,1,yellow
729,663,123,0,2,yellow
825,771,346,0,3,yellow
563,393,481,4,4,blue
599,402,474,1,5,blue
545,216,299,1,6,blue
611,361,430,5,7,blue
683,708,360,6,8,red
680,543,250,7,9,red
684,588,328,6,10,red
588,495,237,6,11,red
548,553,309,9,12,green
534,569,270,12,13,green
404,516,179,13,14,green
619,588,277,13,15,green
652,540,122,2,0,yellow
688,668,191,1,1,yellow
728,663,123,0,2,yellow
821,771,346,0,3,yellow
562,395,483,2,4,blue
598,402,475,0,5,blue
539,213,297,4,6,blue
608,361,429,6,7,blue
683,711,362,3,8,red
676,543,249,8,9,red
683,589,329,5,10,red
585,495,236,6,11,red
545,553,309,9,12,green
532,570,269,12,13,green
402,517,181,12,14,green
620,591,280,10,15,green
652,540,122,2,0,yellow
686,667,191,2,1,yellow
727,662,123,0,2,yellow
823,771,346,0,3,yellow
558,391,479,6,4,blue
596,401,474,2,5,blue
540,215,299,2,6,blue
608,360,429,6,7,blue
682,710,361,4,8,red
677,544,252,7,9,red
682,589,329,5,10,red
586,496,237,5,11,red
544,552,308,10,12,green
531,569,269,12,13,green
403,518,181,11,14,green
617,587,279,13,15,green
654,544,124,0,0,yellow
684,667,188,4,1,yellow
728,664,123,0,2,yellow
822,772,346,0,3,yellow
560,394,480,5,4,blue
597,404,474,1,5,blue
539,216,298,3,6,blue
611,365,432,3,7,blue
683,713,361,3,8,red
674,544,249,9,9,red
682,591,328,5,10,red
587,499,238,4,11,red
542,552,306,12,12,green
532,572,270,11,13,green
403,520,181,11,14,green
616,588,278,14,15,green
652,541,125,1,0,yellow
687,668,191,1,1,yellow
728,663,124,0,2,yellow
823,772,346,0,3,yellow
561,393,481,4,4,blue
597,401,474,1,5,blue
540,214,298,3,6,blue
609,362,430,5,7,blue
681,710,361,4,8,red
679,545,251,6,9,red
684,590,330,4,10,red
584,494,236,7,11,red
545,553,309,9,12,green
533,570,270,11,13,green
401,516,180,13,14,green
619,589,279,11,15,green
657,541,120,4,0,yellow
687,666,190,2,1,yellow
729,662,126,0,2,yellow
823,771,345,0,3,yellow
563,392,480,4,4,blue
597,394,470,2,5,blue
541,218,303,2,6,blue
613,362,430,6,7,blue
679,705,366,6,8,red
684,547,246,7,9,red
683,591,329,5,10,red
587,492,236,6,11,red
551,554,310,8,12,green
533,569,269,13,13,green
403,518,181,11,14,green
617,588,277,13,15,green
654,542,121,3,0,yellow
686,667,191,1,1,yellow
727,662,124,0,2,yellow
822,772,346,0,3,yellow
561,392,480,4,4,blue
596,395,471,1,5,blue
538,217,303,2,6,blue
611,363,431,5,7,blue
678,707,368,4,8,red
683,548,248,6,9,red
682,592,329,4,10,red
583,491,236,7,11,red
549,553,309,8,12,green
534,571,271,10,13,green
399,518,181,12,14,green
617,590,278,11,15,green
658,544,124,0,0,yellow
681,665,190,4,1,yellow
727,662,124,0,2,yellow
822,773,345,0,3,yellow
559,390,477,6,4,blue
595,395,470,2,5,blue
538,216,303,2,6,blue
610,361,430,6,7,blue
680,707,368,3,8,red
680,546,246,8,9,red
683,593,330,3,10,red
586,494,238,4,11,red
545,551,307,11,12,green
533,570,270,11,13,green
400,519,181,11,14,green
614,588,279,13,15,green
656,543,122,2,0,yellow
684,667,193,1,1,yellow
727,662,124,0,2,yellow
822,771,345,0,3,yellow
558,390,477,6,4,blue
596,396,471,1,5,blue
538,217,303,2,6,blue
611,363,431,5,7,blue
679,707,368,4,8,red
682,547,247,7,9,red
681,589,327,6,10,red
585,493,238,5,11,red
545,550,307,11,12,green
534,571,272,10,13,green
401,520,182,10,14,green
613,586,275,15,15,green
656,543,123,2,0,yellow
686,667,191,1,1,yellow
728,662,124,0,2,yellow
823,771,346,0,3,yellow
563,393,481,3,4,blue
598,397,472,0,5,blue
537,215,300,4,6,blue
611,362,430,6,7,blue
682,708,369,3,8,red
683,547,246,7,9,red
681,590,327,6,10,red
586,492,238,5,11,red
548,551,308,10,12,green
534,570,271,11,13,green
399,517,179,13,14,green
618,590,279,11,15,green
482,466,115,1,0,green
495,597,185,0,1,green
513,583,122,0,2,green
662,708,347,0,3,green
689,549,460,4,4,yellow
714,552,450,2,5,yellow
731,376,271,2,6,yellow
762,476,423,7,7,yellow
580,713,444,3,8,blue
579,549,289,7,9,blue
595,592,359,5,10,blue
469,497,285,6,11,blue
612,531,312,10,12,red
612,552,271,13,13,red
483,490,184,12,14,red
666,570,283,16,15,red
480,464,114,1,0,green
492,594,183,1,1,green
511,580,120,0,2,green
659,707,344,0,3,green
683,543,454,7,4,yellow
713,551,448,1,5,yellow
728,373,269,2,6,yellow
758,471,418,9,7,yellow
576,710,441,3,8,blue
577,547,286,7,9,blue
592,589,355,6,10,blue
467,495,284,5,11,blue
609,529,310,10,12,red
612,551,270,12,13,red
481,488,184,11,14,red
664,569,280,15,15,red
481,465,116,0,0,green
492,594,183,1,1,green
511,581,120,0,2,green
659,707,345,0,3,green
684,543,454,7,4,yellow
713,551,448,1,5,yellow
727,373,269,2,6,yellow
759,472,419,8,7,yellow
575,711,439,4,8,blue
577,547,286,7,9,blue
594,590,357,4,10,blue
467,495,284,5,11,blue
609,528,309,11,12,red
613,552,270,11,13,red
480,487,185,12,14,red
669,573,285,11,15,red
478,462,114,3,0,green
493,594,183,0,1,green
510,581,119,0,2,green
659,707,344,0,3,green
688,546,457,4,4,yellow
711,550,448,2,5,yellow
729,374,269,1,6,yellow
762,475,422,5,7,yellow
574,709,439,5,8,blue
577,547,287,6,9,blue
593,590,356,5,10,blue
465,493,281,7,11,blue
609,528,310,10,12,red
611,550,268,13,13,red
480,487,183,12,14,red
664,568,279,16,15,red
481,465,117,0,0,green
493,595,183,0,1,green
510,580,118,1,2,green
659,707,344,0,3,green
687,545,456,5,4,yellow
711,550,448,2,5,yellow
728,373,269,2,6,yellow
760,474,421,6,7,yellow
576,710,441,3,8,blue
577,548,287,6,9,blue
591,589,355,6,10,blue
467,495,284,5,11,blue
609,529,310,10,12,red
610,549,267,14,13,red
480,487,182,12,14,red
666,571,282,13,15,red
492,467,116,0,0,green
491,595,185,1,1,green
509,581,118,0,2,green
653,709,338,0,3,green
686,544,453,7,4,yellow
717,555,449,1,5,yellow
732,376,267,3,6,yellow
753,469,419,7,7,yellow
579,710,435,3,8,blue
579,548,286,7,9,blue
597,597,361,4,10,blue
470,497,281,4,11,blue
609,529,308,11,12,red
613,552,273,11,13,red
489,497,179,11,14,red
668,574,284,13,15,red
488,464,115,1,0,green
487,592,184,2,1,green
506,579,118,0,2,green
650,706,338,0,3,green
684,542,453,7,4,yellow
715,552,449,1,5,yellow
730,374,269,2,6,yellow
751,466,418,7,7,yellow
576,709,434,3,8,blue
577,546,287,7,9,blue
594,593,360,5,10,blue
467,494,282,4,11,blue
607,526,308,11,12,red
611,549,272,11,13,red
485,494,179,11,14,red
662,567,279,17,15,red
488,463,116,1,0,green
489,593,184,1,1,green
506,580,119,0,2,green
649,706,339,0,3,green
689,547,458,2,4,yellow
716,554,451,0,5,yellow
728,373,267,4,6,yellow
752,468,420,6,7,yellow
577,711,436,2,8,blue
576,545,286,8,9,blue
593,593,360,5,10,blue
466,493,281,5,11,blue
608,526,308,11,12,red
610,549,272,12,13,red
483,492,178,13,14,red
667,573,283,11,15,red
488,464,117,1,0,green
490,594,184,0,1,green
506,579,119,0,2,green
650,706,339,0,3,green
687,545,456,4,4,yellow
714,552,448,2,5,yellow
728,371,266,5,6,yellow
753,468,420,6,7,yellow
576,710,435,3,8,blue
577,546,286,7,9,blue
594,594,361,4,10,blue
463,490,279,8,11,blue
609,527,309,10,12,red
609,548,272,12,13,red
483,492,178,13,14,red
668,574,286,10,15,red
487,464,116,2,0,green
489,595,184,0,1,green
506,581,119,0,2,green
650,707,339,0,3,green
686,546,455,5,4,yellow
714,553,448,2,5,yellow
730,375,267,3,6,yellow
753,469,420,6,7,yellow
576,711,435,3,8,blue
578,549,288,6,9,blue
595,597,362,3,10,blue
464,493,280,7,11,blue
608,529,309,10,12,red
610,550,272,12,13,red
482,493,177,14,14,red
663,571,281,15,15,red
483,462,114,2,0,green
502,593,186,1,1,green
511,580,121,1,2,green
650,706,340,0,3,green
686,544,457,4,4,yellow
715,550,447,2,5,yellow
732,374,269,2,6,yellow
761,473,420,7,7,yellow
579,708,432,3,8,blue
579,544,284,7,9,blue
596,593,363,5,10,blue
470,499,286,5,11,blue
610,528,310,10,12,red
609,544,271,14,13,red
484,488,181,13,14,red
667,571,280,15,15,red
482,463,114,1,0,green
499,593,185,2,1,green
509,581,120,0,2,green
647,706,339,0,3,green
682,542,455,6,4,yellow
715,552,449,0,5,yellow
732,375,270,1,6,yellow
757,472,419,8,7,yellow
576,708,432,3,8,blue
576,545,283,7,9,blue
596,594,364,4,10,blue
467,499,286,5,11,blue
606,527,309,11,12,red
609,545,272,13,13,red
482,488,181,13,14,red
665,571,279,15,15,red
482,463,114,1,0,green
500,594,187,1,1,green
509,581,120,0,2,green
647,707,339,0,3,green
683,543,456,5,4,yellow
714,551,448,1,5,yellow
731,373,269,2,6,yellow
757,472,419,8,7,yellow
574,707,431,4,8,blue
577,545,284,6,9,blue
594,592,361,6,10,blue
467,499,286,5,11,blue
606,527,310,11,12,red
609,546,272,12,13,red
483,489,183,12,14,red
667,573,283,13,15,red
482,464,115,0,0,green
498,591,185,3,1,green
509,581,120,0,2,green
648,708,339,0,3,green
683,542,455,6,4,yellow
714,550,448,1,5,yellow
730,373,269,2,6,yellow
759,473,420,7,7,yellow
577,710,433,2,8,blue
577,545,285,6,9,blue
596,595,364,3,10,blue
468,500,287,4,11,blue
604,525,307,13,12,red
609,546,272,12,13,red
483,489,182,12,14,red
663,569,276,18,15,red
483,464,116,0,0,green
500,593,185,1,1,green
509,581,120,0,2,green
647,707,340,0,3,green
685,544,457,4,4,yellow
714,551,448,1,5,yellow
728,371,268,4,6,yellow
759,473,420,7,7,yellow
576,708,432,3,8,blue
577,544,283,7,9,blue
595,594,363,4,10,blue
467,499,287,5,11,blue
608,529,311,9,12,red
609,546,272,12,13,red
481,487,182,14,14,red
670,575,283,11,15,red
481,464,114,1,0,green
491,591,183,3,1,green
524,581,122,0,2,green
648,709,342,0,3,green
686,545,455,5,4,yellow
713,550,448,2,5,yellow
729,371,268,3,6,yellow
761,474,421,6,7,yellow
576,711,437,4,8,blue
575,542,282,7,9,blue
594,592,359,4,10,blue
468,499,287,5,11,blue
608,527,308,13,12,red
607,546,271,13,13,red
481,486,183,12,14,red
664,569,278,16,15,red
481,464,115,1,0,green
491,592,182,2,1,green
524,581,122,0,2,green
647,709,343,0,3,green
687,546,457,4,4,yellow
715,552,450,0,5,yellow
725,369,265,5,6,yellow
761,474,421,6,7,yellow
578,713,439,2,8,blue
574,542,281,8,9,blue
593,590,358,5,10,blue
468,499,287,5,11,blue
610,529,309,11,12,red
608,547,272,12,13,red
480,485,183,13,14,red
670,575,286,10,15,red
480,464,114,1,0,green
494,594,186,0,1,green
524,581,122,0,2,green
648,708,342,0,3,green
687,546,457,4,4,yellow
713,551,448,2,5,yellow
725,368,263,6,6,yellow
761,474,422,6,7,yellow
577,712,438,3,8,blue
576,543,282,7,9,blue
593,591,358,5,10,blue
466,497,285,7,11,blue
611,530,311,10,12,red
607,547,272,12,13,red
480,485,183,13,14,red
670,575,287,10,15,red
481,465,114,0,0,green
492,592,184,2,1,green
524,581,122,0,2,green
648,709,342,0,3,green
687,546,456,4,4,yellow
714,551,449,1,5,yellow
728,370,267,3,6,yellow
761,474,422,6,7,yellow
577,713,439,3,8,blue
573,541,280,9,9,blue
594,592,359,4,10,blue
468,499,287,5,11,blue
610,529,310,11,12,red
608,547,272,12,13,red
480,485,182,13,14,red
664,570,281,15,15,red
482,465,115,0,0,green
492,591,182,2,1,green
524,581,122,0,2,green
647,709,343,0,3,green
688,547,457,3,4,yellow
713,552,449,1,5,yellow
727,368,265,5,6,yellow
760,473,421,7,7,yellow
577,712,438,3,8,blue
576,542,282,7,9,blue
594,590,358,5,10,blue
468,499,287,5,11,blue
611,530,310,10,12,red
608,547,272,12,13,red
479,484,183,14,14,red
668,573,282,12,15,red
626,395,112,1,0,red
665,506,181,1,1,red
693,492,118,0,2,red
804,644,315,0,3,red
585,472,453,2,4,green
622,476,442,0,5,green
574,287,259,4,6,green
639,411,415,5,7,green
702,769,376,3,8,yellow
696,619,253,9,9,yellow
703,660,334,5,10,yellow
614,583,245,5,11,yellow
534,530,336,10,12,blue
520,547,302,11,13,blue
387,488,220,11,14,blue
610,573,291,10,15,blue
621,391,111,4,0,red
662,506,181,1,1,red
691,491,118,0,2,red
805,643,314,0,3,red
580,470,452,4,4,green
616,474,441,2,5,green
575,291,262,0,6,green
637,411,416,4,7,green
696,765,374,6,8,yellow
696,620,255,7,9,yellow
699,660,333,6,10,yellow
609,580,243,7,11,yellow
532,531,337,9,12,blue
517,547,302,11,13,blue
384,488,220,11,14,blue
606,572,288,11,15,blue
625,396,113,0,0,red
660,504,178,3,1,red
691,492,119,0,2,red
804,644,314,0,3,red
580,470,452,4,4,green
618,475,441,1,5,green
571,288,260,3,6,green
638,412,416,4,7,green
699,768,376,3,8,yellow
694,619,254,9,9,yellow
700,660,334,5,10,yellow
612,583,245,4,11,yellow
530,529,335,11,12,blue
518,548,303,10,13,blue
384,488,219,11,14,blue
608,573,291,10,15,blue
623,396,114,1,0,red
662,508,180,1,1,red
691,493,118,0,2,red
804,645,315,0,3,red
581,472,453,3,4,green
617,477,441,1,5,green
573,290,261,2,6,green
637,412,415,5,7,green
696,767,375,5,8,yellow
697,623,256,6,9,yellow
701,662,334,5,10,yellow
608,581,242,8,11,yellow
532,533,337,9,12,blue
517,549,302,11,13,blue
383,488,220,12,14,blue
605,572,289,12,15,blue
625,396,113,0,0,red
660,504,179,3,1,red
691,492,118,0,2,red
804,643,315,0,3,red
581,471,453,3,4,green
618,475,441,1,5,green
571,288,260,3,6,green
637,410,415,5,7,green
698,766,375,5,8,yellow
694,619,254,9,9,yellow
700,661,334,5,10,yellow
611,582,244,5,11,yellow
532,531,337,9,12,blue
517,547,302,11,13,blue
384,488,221,11,14,blue
606,572,288,11,15,blue
631,404,112,1,0,red
659,513,179,3,1,red
696,491,120,0,2,red
800,636,335,0,3,red
583,470,454,5,4,green
616,475,446,2,5,green
580,293,261,3,6,green
639,414,417,5,7,green
700,767,378,4,8,yellow
696,622,256,8,9,yellow
706,663,336,5,10,yellow
612,585,248,5,11,yellow
535,533,341,9,12,blue
520,553,308,11,13,blue
388,491,221,10,14,blue
609,573,291,12,15,blue
629,400,111,2,0,red
660,512,177,1,1,red
694,488,120,0,2,red
798,634,333,0,3,red
581,469,452,4,4,green
613,473,443,2,5,green
579,293,259,2,6,green
635,410,412,7,7,green
698,767,375,4,8,yellow
696,620,254,8,9,yellow
702,661,332,6,10,yellow
610,582,246,5,11,yellow
533,530,338,9,12,blue
516,549,304,13,13,blue
383,487,218,11,14,blue
606,571,287,11,15,blue
628,401,111,1,0,red
660,511,177,2,1,red
695,488,120,0,2,red
797,634,333,0,3,red
582,470,453,3,4,green
614,474,444,1,5,green
577,292,260,3,6,green
636,411,413,6,7,green
699,769,376,3,8,yellow
697,622,255,7,9,yellow
704,661,333,5,10,yellow
607,580,244,7,11,yellow
533,530,338,9,12,blue
518,550,306,11,13,blue
382,485,217,13,14,blue
608,573,290,9,15,blue
628,400,110,2,0,red
660,512,178,1,1,red
693,488,121,0,2,red
799,633,333,0,3,red
581,470,453,3,4,green
611,471,441,4,5,green
578,294,259,2,6,green
635,411,413,6,7,green
698,766,375,4,8,yellow
695,620,254,8,9,yellow
702,661,333,6,10,yellow
609,580,245,6,11,yellow
533,530,338,9,12,blue
515,548,304,13,13,blue
384,488,219,10,14,blue
606,571,288,11,15,blue
628,401,112,1,0,red
660,512,178,1,1,red
694,488,120,0,2,red
799,634,333,0,3,red
581,469,452,4,4,green
613,474,443,1,5,green
579,293,259,2,6,green
637,412,414,5,7,green
695,764,373,6,8,yellow
695,620,254,8,9,yellow
702,661,332,6,10,yellow
608,581,245,6,11,yellow
533,530,338,9,12,blue
517,550,306,11,13,blue
382,486,218,12,14,blue
606,571,288,11,15,blue
621,392,112,4,0,red
668,522,175,1,1,red
696,495,119,0,2,red
803,632,336,0,3,red
584,472,454,3,4,green
616,476,447,2,5,green
576,292,267,1,6,green
644,417,417,4,7,green
694,766,378,6,8,yellow
699,623,257,7,9,yellow
705,664,336,5,10,yellow
612,582,247,8,11,yellow
536,533,338,8,12,blue
521,552,307,11,13,blue
387,492,220,12,14,blue
609,574,292,10,15,blue
623,393,115,0,0,red
664,517,171,3,1,red
694,493,118,0,2,red
801,630,333,0,3,red
580,468,449,5,4,green
614,473,444,2,5,green
572,290,264,2,6,green
642,415,414,4,7,green
697,768,380,2,8,yellow
693,618,251,10,9,yellow
703,661,333,5,10,yellow
611,582,245,6,11,yellow
533,529,334,9,12,blue
518,549,305,11,13,blue
384,491,219,11,14,blue
604,570,286,12,15,blue
619,391,112,3,0,red
666,520,174,0,1,red
693,493,117,0,2,red
801,631,333,0,3,red
582,470,451,3,4,green
614,473,444,2,5,green
573,289,263,2,6,green
641,414,413,5,7,green
693,765,377,5,8,yellow
698,622,256,6,9,yellow
702,662,333,5,10,yellow
610,581,244,7,11,yellow
532,529,334,9,12,blue
519,552,305,10,13,blue
383,490,219,12,14,blue
607,572,290,9,15,blue
623,394,115,0,0,red
666,520,174,0,1,red
691,491,117,2,2,red
802,630,333,0,3,red
581,468,450,4,4,green
614,473,444,2,5,green
573,290,263,2,6,green
639,412,412,6,7,green
694,764,377,5,8,yellow
695,620,253,8,9,yellow
699,660,331,7,10,yellow
613,583,247,5,11,yellow
532,529,335,9,12,blue
515,547,302,14,13,blue
384,491,218,11,14,blue
604,569,286,12,15,blue
621,393,114,1,0,red
667,520,175,0,1,red
694,493,117,0,2,red
800,629,332,1,3,red
581,469,450,4,4,green
615,474,445,1,5,green
573,289,262,2,6,green
641,414,413,5,7,green
693,765,376,5,8,yellow
697,621,255,7,9,yellow
703,662,333,5,10,yellow
610,581,244,7,11,yellow
532,529,335,9,12,blue
518,550,305,11,13,blue
383,490,218,12,14,blue
605,571,287,11,15,blue
627,392,114,1,0,red
661,512,181,2,1,red
700,500,116,0,2,red
801,639,330,0,3,red
586,474,451,4,4,green
618,477,446,1,5,green
576,288,265,3,6,green
637,413,416,6,7,green
701,769,381,4,8,yellow
697,623,258,7,9,yellow
703,662,335,6,10,yellow
614,585,246,6,11,yellow
535,532,336,8,12,blue
520,550,306,11,13,blue
386,491,223,13,14,blue
610,576,293,10,15,blue
625,390,113,1,0,red
660,510,180,1,1,red
697,498,115,0,2,red
800,637,327,0,3,red
586,473,451,2,4,green
616,474,443,1,5,green
570,284,260,5,6,green
635,412,414,5,7,green
699,767,377,4,8,yellow
692,618,253,10,9,yellow
701,660,332,6,10,yellow
611,583,244,6,11,yellow
531,528,332,10,12,blue
517,548,303,12,13,blue
383,489,221,13,14,blue
605,571,288,12,15,blue
626,391,113,0,0,red
659,511,180,1,1,red
696,497,114,0,2,red
801,636,326,0,3,red
583,470,447,5,4,green
615,473,442,2,5,green
573,288,263,2,6,green
633,409,412,7,7,green
700,767,378,3,8,yellow
695,621,255,7,9,yellow
699,659,331,7,10,yellow
611,583,244,6,11,yellow
532,529,333,9,12,blue
519,549,304,10,13,blue
384,491,222,11,14,blue
605,572,287,12,15,blue
624,389,113,2,0,red
659,511,180,1,1,red
696,498,115,0,2,red
800,637,326,0,3,red
583,470,447,5,4,green
613,472,441,3,5,green
573,287,262,3,6,green
634,410,413,6,7,green
696,765,375,6,8,yellow
695,621,256,7,9,yellow
702,661,333,5,10,yellow
612,584,244,5,11,yellow
532,529,333,9,12,blue
518,548,304,11,13,blue
386,492,223,10,14,blue
607,573,290,10,15,blue
624,389,114,1,0,red
659,510,180,1,1,red
697,498,113,0,2,red
800,637,327,0,3,red
584,471,448,4,4,green
614,473,441,2,5,green
572,286,262,3,6,green
635,411,414,5,7,green
697,766,376,5,8,yellow
696,621,256,6,9,yellow
702,661,332,5,10,yellow
608,581,243,8,11,yellow
531,527,331,10,12,blue
518,548,303,11,13,blue
386,492,224,10,14,blue
605,571,287,12,15,blue
